BEGIN;

INSERT INTO apps (id,key,name) VALUES
 ('00000000-0000-0000-0000-000000000001','workout-tracker','Workout Tracker'),
 ('00000000-0000-0000-0000-000000000002','nfl-pick-league','NFL Pick League')
ON CONFLICT DO NOTHING;

INSERT INTO roles (id,app_id,code,level) VALUES
 ('00000000-0000-0000-0000-000000000a11','00000000-0000-0000-0000-000000000001','owner',100),
 ('00000000-0000-0000-0000-000000000a12','00000000-0000-0000-0000-000000000001','admin',90),
 ('00000000-0000-0000-0000-000000000a13','00000000-0000-0000-0000-000000000001','member',50),
 ('00000000-0000-0000-0000-000000000a14','00000000-0000-0000-0000-000000000001','viewer',10),
 ('00000000-0000-0000-0000-000000000b11','00000000-0000-0000-0000-000000000002','owner',100),
 ('00000000-0000-0000-0000-000000000b12','00000000-0000-0000-0000-000000000002','admin',90),
 ('00000000-0000-0000-0000-000000000b13','00000000-0000-0000-0000-000000000002','member',50),
 ('00000000-0000-0000-0000-000000000b14','00000000-0000-0000-0000-000000000002','viewer',10)
ON CONFLICT DO NOTHING;

INSERT INTO users (id,email,password_hash,display_name) VALUES
 ('00000000-0000-0000-0000-0000000000a1','owner@lukes-projects','SET_ME','Owner'),
 ('00000000-0000-0000-0000-0000000000a2','admin@lukes-project.com','SET_ME','Admin'),
 ('00000000-0000-0000-0000-0000000000a3','guest@lukes-projects.com','SET_ME','Guest')
ON CONFLICT DO NOTHING;

INSERT INTO memberships (user_id,app_id,role_id) VALUES
 ('00000000-0000-0000-0000-0000000000a1','00000000-0000-0000-0000-000000000001','00000000-0000-0000-0000-000000000a11'),
 ('00000000-0000-0000-0000-0000000000a2','00000000-0000-0000-0000-000000000001','00000000-0000-0000-0000-000000000a12'),
 ('00000000-0000-0000-0000-0000000000a3','00000000-0000-0000-0000-000000000001','00000000-0000-0000-0000-000000000a14'),
 ('00000000-0000-0000-0000-0000000000a1','00000000-0000-0000-0000-000000000002','00000000-0000-0000-0000-000000000b11'),
 ('00000000-0000-0000-0000-0000000000a2','00000000-0000-0000-0000-000000000002','00000000-0000-0000-0000-000000000b12'),
 ('00000000-0000-0000-0000-0000000000a3','00000000-0000-0000-0000-000000000002','00000000-0000-0000-0000-000000000b14')
ON CONFLICT DO NOTHING;

COMMIT;
